letter,words
অ,"['অ', 'অংশ', 'অংশ', 'অংশাংশি', 'অংশান', 'অংশিন্', 'অংশু', 'অংশ২', 'অই', 'অঋণী', 'অকটু', 'অকণ্টক', 'অকথন', 'অকথা', 'অকথিত', 'অকথ্য', 'অকপট', 'অকমর্ণ্য', 'অকম্পিত', 'অকরণ', 'অকরণীয়', 'অকরুণ', 'অকর্ণ', 'অকর্তব্য', 'অকর্তা', 'অকর্ম', 'অকলঙ্ক', 'অকলঙ্কিত', 'অকলঙ্কী', 'অকলুষ', 'অকল্প', 'অকল্পিত', 'অকল্যাণ', 'অকস্মাৎ', 'অকাজ', 'অকাট', 'অকাট্য', 'অকাতর', 'অকাম', 'অকার', 'অকারণ', 'অকারন্ত', 'অকার্য', 'অকাল', 'অকাল কুষ্মাণ্ড', 'অকালজাত', 'অকালপক্ক', 'অকালবৃদ্ধ', 'অকালবোধন', 'অকালমৃতু্য', 'অকালী', 'অকায়', 'অকিঞ্চন', 'অকিঞ্চিৎ', 'অকিল্মিষ', 'অকীক', 'অকীর্তি', 'অকীর্তিকর', 'অকীর্তিত', 'অকু', 'অকুণ্ঠ', 'অকুতোভয়', 'অকুমার', 'অকুল', 'অকুলন', 'অকুলীন', 'অকুশল', 'অকুস্থল', 'অকূল', 'অকূল পাথার', 'অকূলে কূল পাওয়া', 'অকূলে ভাসা', 'অকৃত', 'অকৃতকার্য', 'অকৃতজ্ঞ', 'অকৃতদার', 'অকৃতার্থ', 'অকৃতি', 'অকৃতিত্ব', 'অকৃতী']"
আ,"['আ', 'আ', 'আঁইষ', 'আঁক', 'আঁকন', 'আঁকশি', 'আঁকা', 'আঁকান', 'আঁকাবাঁকা', 'আঁকুপাঁকু', 'আঁকুশি', 'আঁকড়া', 'আঁকড়া-আঁকড়ি', 'আঁকড়ান', 'আঁকড়ি', 'আঁখ', 'আঁখর', 'আঁখিজল', 'আঁখিঠার', 'আঁচ', 'আঁচন', 'আঁচল', 'আঁচলধরা', 'আঁচা', 'আঁচিল', 'আঁচড়', 'আঁচড়া-আঁচড়ি', 'আঁচড়ান', 'আঁচ২', 'আঁজনাই', 'আঁজলা', 'আঁট', 'আঁটকুড়', 'আঁটকুড়ী', 'আঁটনি', 'আঁটা', 'আঁটাআঁটি', 'আঁটি', 'আঁটি-সাঁটি', 'আঁটি২', 'আঁটুবাঁটু', 'আঁত', 'আঁত-আঁতড়ি', 'আঁতকান', 'আঁতাত', 'আঁতুড়', 'আঁদিসাদি', 'আঁধলা', 'আঁধার', 'আঁধি', 'আঁব', 'আঁবুই', 'আঁশ', 'আঁশ, আঁইশ', 'আঁশফল', 'আঁশান', 'আঁশাল', 'আঁষ', 'আঁষটে', 'আঁস্তাকুড়', 'আংটা', 'আংটি', 'আংরা', 'আংরাখা', 'আংশিক', 'আঃ', 'আই-আই', 'আই-বড়', 'আইও', 'আইচ', 'আইডিন', 'আইঢাই', 'আইন', 'আইন পাশ করা', 'আইন মতে', 'আইন-কানুন', 'আইন-কানুন', 'আইনজীবি', 'আইনত', 'আইবড়-ভাত']"
ই,"['ই', 'ই', 'ইঁচড় (ই-), এঁচড়', 'ইঁচড়ে পাকা', 'ইঁট', 'ইঁদারা, ইন্দারা', 'ইঁদুর, ইন্দুর', 'ইংরাজ, ইংরাজী২, ইংরেজ৩, ইংরেজী৪', 'ইংরেজিয়ানা', 'ইংলিশ', 'ইংলিশম্যান', 'ইঃ', 'ইউনানী, য়ুনানী', 'ইউনিয়ান', 'ইউরেশীয়, ইউরেশিয়ান', 'ইউরোপ', 'ইউরোপীয়, য়ুরোপীয়', 'ইক্ষু', 'ইক্ষুদন্ড', 'ইক্ষ্বাকু', 'ইঙ্গবঙ্গ', 'ইঙ্গিত', 'ইঙ্গুদ তৈল, ইঙ্গুদী তৈল', 'ইঙ্গুদ, ইঙ্গুদী', 'ইচ্ছা', 'ইচ্ছাপত্র', 'ইচ্ছাবসন্ত', 'ইচ্ছামৃতু্য', 'ইচ্ছাময়', 'ইচ্ছাময়ী', 'ইচ্ছিত', 'ইচ্ছু, ইচ্ছুক', 'ইজার', 'ইজারা', 'ইজারাদার', 'ইজ্জত, ইজ্জৎ', 'ইঞ্চি', 'ইঞ্জিন, এঞ্জিন', 'ইঞ্জিনিয়ার (এ-)', 'ইঞ্জিনিয়ারিং', 'ইট', 'ইট-পাটকেল', 'ইটখোলা', 'ইতঃপূর্বে', 'ইতর', 'ইতর ভাষা', 'ইতরবিশেষ', 'ইতরাম, ইতরামি, ইতরামো', 'ইতরেতর', 'ইতস্তত= করা', 'ইতস্ততঃ, ইতস্তত', 'ইতি', 'ইতি-উতি', 'ইতিকথা', 'ইতিকর্তব্য', 'ইতিপূর্বে', 'ইতিবৃত্ত', 'ইতিমধ্যে', 'ইতিহাস', 'ইতু', 'ইতুপূজা', 'ইতোমধ্যে, ইত্যবসরে', 'ইত্যনুসারে', 'ইত্যাকার', 'ইত্যাদি', 'ইথর, ঈথর, ইথার', 'ইথে', 'ইদানিং', 'ইদানিন্তন', 'ইনকাম্', 'ইনকাম্ ট্যাক্স', 'ইনকার', 'ইনসলভেন্ট', 'ইনসাফ', 'ইনামেল (এ-)', 'ইনি', 'ইনিয়ে-বিনিয়ে', 'ইন্তেকাল, এন্তেকাল', 'ইন্তেজাম, এন্তেজাম', 'ইন্তেজার, এন্তেজার']"
ঈ,"['ঈ', 'ঈকারান্ত', 'ঈক্ষণ', 'ঈক্ষিত', 'ঈগল', 'ঈথর', 'ঈদ', 'ঈদগা, ঈদগাহ্', 'ঈদৃক, ঈদৃশ', 'ঈপ্সা', 'ঈপ্সিত', 'ঈপ্সু', 'ঈর্ষা, ঈর্ষ্যা', 'ঈর্ষান্বিত, ঈর্ষী', 'ঈশ', 'ঈশান', 'ঈশানী', 'ঈশা২, ঈসা', 'ঈশ্বর', 'ঈশ্বরদ্বেষী', 'ঈশ্বরবাদ', 'ঈশ্বরাধীন', 'ঈষ', 'ঈষদুচ্চ', 'ঈষদুষ্ণ', 'ঈষদূন', 'ঈষা', 'ঈষিকা, ঈষীকা', 'ঈষ্য']"
উ,"['উ', 'উঁকি দেওয়া, উঁকিমারা', 'উঁকি, উকি', 'উঁকিঝুঁকি, উকিঝুঁকি', 'উঁচকপালী', 'উঁচকপালে', 'উঁচা, উঁচু', 'উঁচান, উঁচানো, উঁচন, উঁচনো', 'উঁচানিচা, উঁচানীচা, উঁচুনিচু, উঁচুনীচু', 'উঁহুঁ', 'উঃ', 'উই', 'উইচারা, উইঢিপি, উইঢিবি', 'উইধরা, উইলাগা', 'উইল', 'উকা', 'উকি', 'উকিল, উকীল', 'উকিলী', 'উকি২', 'উকুণ, উকুন', 'উক্ত', 'উখল, উখলি', 'উখা', 'উখা২, উকা, উকো', 'উখড়ন, উখড়নো, উখড়ান, উখড়ানো', 'উগরন, উগরনো, উগরোন, উগরানো', 'উগ্র', 'উগ্রকণ্ঠ, উগ্রস্বর', 'উগ্রকর্মা', 'উগ্রক্ষত্রিয়', 'উগ্রচন্ডা, উগ্রচন্ডী', 'উগ্রপ্রকৃতি, উগ্রস্বভাব', 'উগ্রবীর্য', 'উগ্রমূর্তি', 'উগ্রা', 'উচক্কা', 'উচল', 'উচা, উচান, উচানো', 'উচাটন', 'উচাটন', 'উচিত', 'উচিত বক্তা', 'উচ্চ', 'উচ্চকিত', 'উচ্চনীচ', 'উচ্চবাচ্য', 'উচ্চভাষী', 'উচ্চাটন', 'উচ্চাবচ', 'উচ্চার', 'উচ্চারণ', 'উচ্চারণীয়, উচ্চার্য', 'উচ্চারিত', 'উচ্চার্যমান', 'উচ্চিংড়া, উইচিংড়া', 'উচ্চৈঃ', 'উচ্চৈঃশ্যবা', 'উচ্চৈঃস্বর', 'উচ্চয়, উচ্চায়', 'উচ্ছন্ন', 'উচ্ছল', 'উচ্ছলন', 'উচ্ছলিত', 'উচ্ছিত্তি', 'উচ্ছিদ্যমান', 'উচ্ছিন্ন', 'উচ্ছিষ্ট', 'উচ্ছিষ্টভোজী', 'উচ্ছিষ্টান্ন', 'উচ্ছৃঙ্খল', 'উচ্ছে', 'উচ্ছেদ', 'উচ্ছেদন', 'উচ্ছেদ্য', 'উচ্ছোষণ', 'উচ্ছ্বসিত', 'উচ্ছ্বাস', 'উচ্ছ্বাসন', 'উচ্ছ্রিত']"
ঊ,"['ঊ', 'ঊঃ', 'ঊকার', 'ঊখলি', 'ঊতি', 'ঊন', 'ঊনজন', 'ঊনিশ', 'ঊরা, উরা', 'ঊরু', 'ঊরুপা', 'ঊরুস্তম্ভ', 'ঊর্জ', 'ঊর্জিত', 'ঊর্ণ', 'ঊর্ণনাভ', 'ঊর্ণা', 'ঊর্দি', 'ঊর্দু', 'ঊর্ধ্ব', 'ঊর্ধ্বগ, ঊর্ধ্বগামী', 'ঊর্ধ্বচারী', 'ঊর্ধ্বতন', 'ঊর্ধ্বদৃষ্টি, ঊর্ধ্বনেত্র', 'ঊর্ধ্বদেহ', 'ঊর্ধ্বপাতন', 'ঊর্ধ্ববাহু', 'ঊর্ধ্বমুখ', 'ঊর্ধ্বরেতা, ঊর্ধ্বরেতাঃ', 'ঊর্ধ্বলিঙ্গ', 'ঊর্ধ্বলোক', 'ঊর্ধ্বশায়ী', 'ঊর্ধ্বাবর্ত', 'ঊর্বর', 'ঊর্বস্থি', 'ঊর্মি', 'ঊর্মিমালা', 'ঊর্মিমালী', 'ঊষর', 'ঊষা', 'ঊষ্মা', 'ঊহ, ঊহা', 'ঊহিনী', 'ঊহ্য', 'ঊঢ়']"
ঋ,"['ঋ', 'ঋ-ফলা', 'ঋকঃ', 'ঋক্ষ', 'ঋক্ষমন্ডল', 'ঋক্ষেশ', 'ঋক্থ', 'ঋক্থহর', 'ঋজু', 'ঋজুতা, ঋজুত্ব', 'ঋণ', 'ঋণগ্রস্ত, ঋণী', 'ঋণগ্রাহী', 'ঋণপত্র', 'ঋত', 'ঋতম্ভর', 'ঋতি', 'ঋতু', 'ঋতুপতি, ঋতুরাজ', 'ঋতুমতী', 'ঋতুসন্ধি', 'ঋতুস্নান', 'ঋত্বিক্', 'ঋদ্ধ', 'ঋদ্ধি', 'ঋভু', 'ঋষভ', 'ঋষি', 'ঋষিকল্প', 'ঋষ্ট', 'ঋষ্টি', 'ঋষ্যশৃঙ্গ', 'ঋৃ']"
এ,"['এ', 'এঁচড়', 'এঁটুলি', 'এঁদো, এঁধো', 'এঁড়ে', 'এঃ', 'এই', 'এইসা', 'এওয়াজ, এওজ', 'এক', 'একক', 'এককাঁড়ি', 'এককালীন', 'একগুঁয়ে', 'একঘরে', 'একঘেয়ে', 'একচত্বারিংশ', 'একচর', 'একচর্যা', 'একচুল', 'একচেটিয়া, একচেটে', 'একচোখো', 'একচ্ছত্র', 'একজাত', 'একজোট', 'একজ্বর', 'একটু, একটুকু', 'একতন্ত্রী', 'একতরফ', 'একতা', 'একতারা', 'একতীর্থ', 'একত্ব', 'একদম', 'একদা', 'একদিঠি, একদিঠ', 'একদেব', 'একদেশ', 'একদেশদর্শিতা', 'একদেহ', 'একধা', 'একনবতি', 'একনাগাড়ে', 'একনায়ক', 'একনিষ্ঠ', 'একপক্ষ', 'একপদ', 'একপদী', 'একপদীকরণ', 'একপর্ণা', 'একপাঠী', 'একবাস', 'একবিংশতি', 'একভার্যা', 'একমাতৃক', 'একমাত্রা', 'একমুষ্ঠি', 'একমেটে', 'একর', 'একরার', 'একরারনামা', 'একশিলা', 'একশেষ', 'একষষ্টি', 'একহাত', 'একহারা', 'একাক্ষ', 'একাগ্র', 'একাঘ্নী', 'একাট্ট, এককাট্টা', 'একাত্মা', 'একাদশ', 'একাদিক্রমে', 'একাধার', 'একাধিপতি', 'একান্ত', 'একান্ত সচিব', 'একান্তর', 'একান্নবর্তী', 'একাবলী']"
ঐ,"['ঐ', 'ঐ-যা', 'ঐক', 'ঐকতান', 'ঐকপদিক', 'ঐকপদ্য', 'ঐকবাক্য', 'ঐকমত্য', 'ঐকরাজ্য', 'ঐকল্য', 'ঐকাগ্র', 'ঐকাত্ম্য', 'ঐকান্তিক', 'ঐকার', 'ঐকাহিক', 'ঐক্য', 'ঐক্যতান', 'ঐক্ষব', 'ঐচ্ছিক', 'ঐছন', 'ঐছে', 'ঐতরেয়', 'ঐতিহাসিক', 'ঐতিহ্য', 'ঐন্দ্র', 'ঐন্দ্রজালিক', 'ঐরাবত', 'ঐরূপ', 'ঐশ, ঐশিক, ঐশ্বর, ঐশ্বরিক', 'ঐশ্বর্য', 'ঐশ্বর্যশালী', 'ঐষীক', 'ঐহলৌকিক', 'ঐহিক']"
ও,"['ও', 'ওঁ, ওম্', 'ওঁকার, ওঙ্কার', 'ওঁচলা', 'ওঁচা, ওঁছা', 'ওঁচান, ওঁচানো', 'ওঁৎ', 'ওকার', 'ওকালতনামা', 'ওকালতি', 'ওকালতী', 'ওকি', 'ওক্ত', 'ওকড়া', 'ওখদ', 'ওখড়ান', 'ওগো', 'ওগড়ন', 'ওছি', 'ওজঃ', 'ওজন', 'ওজর', 'ওজস্বল', 'ওজস্বী', 'ওজু', 'ওজোগুণ', 'ওঝা', 'ওটকান, ওটকানো', 'ওটকিস্তি', 'ওটা', 'ওডিকলোন', 'ওড্র', 'ওত, ওঁত', 'ওতপাতা, ওঁতপাতা', 'ওতপ্রোত', 'ওতরানো', 'ওথা', 'ওদন', 'ওদিক', 'ওনাকে', 'ওপার', 'ওপড়ানো', 'ওবা', 'ওম', 'ওমরাহ্, ওমরা', 'ওর', 'ওরফে', 'ওরসা', 'ওরে', 'ওল', 'ওলকপি', 'ওলট কম্বল', 'ওলটপালট', 'ওলন', 'ওলন্দ', 'ওলন্দাজ', 'ওলন২', 'ওলা', 'ওলাইচন্ডী', 'ওলাউঠা', 'ওলাবিবি', 'ওলা২', 'ওলো', 'ওষধি, ওষধী', 'ওষুধ', 'ওষ্ঠ', 'ওষ্ঠপল্লব', 'ওষ্ঠপুট', 'ওষ্ঠাগত', 'ওষ্ঠাগতপ্রাণ', 'ওষ্ঠাধর', 'ওষ্ঠ্য, ঔষ্ঠ্য', 'ওসকানো', 'ওসার', 'ওস্তাগর', 'ওস্তাদ', 'ওস্থান', 'ওহাবী', 'ওহে', 'ওহো']"
ঔ,"['ঔ', 'ঔকার', 'ঔচিত্য', 'ঔজ্জ্বল্য', 'ঔদরিক', 'ঔদার্য', 'ঔদাসীন্য, ঔদাস্য', 'ঔদ্ধত্য', 'ঔদ্বাহিক', 'ঔপনিবেশিক', 'ঔপনিষদ', 'ঔপন্যাসিক', 'ঔপপত্তিক', 'ঔপমিক', 'ঔপম্য', 'ঔপল', 'ঔপসর্গিক', 'ঔপাধিক', 'ঔরগ', 'ঔরস, ঔরস্য', 'ঔর্ণ', 'ঔর্ধ্বদেহিক, ঔর্ধ্বদৈহিক', 'ঔর্ব', 'ঔর্বাগ্নি', 'ঔর্ব২', 'ঔরৎ', 'ঔশনস', 'ঔষধ', 'ঔষধালয়', 'ঔষধি', 'ঔষ্ট্র', 'ঔষ্ঠ্য', 'ঔৎসর্গিক', 'ঔৎসুক্য', 'ঔড়ব']"
ক,"['ক', 'কংগ্রেস', 'কংস', 'কংসবতী, কংসসাবতী', 'কংসারি', 'কই', 'কইল', 'কইলা', 'কইসর', 'কইয়ে বলিয়ে,কহিয়ে বলিয়ে', 'কওয়া', 'কক, রবার্ট', 'ককান, ককানো', 'ককুদ, ককুৎ', 'ককুৎস্থ', 'কক্ষ', 'কক্ষচূত', 'কক্ষন, কক্ষনো, কক্খন, কক্খনো', 'কখন', 'কখন সখন', 'কঙ্ক', 'কঙ্কণ', 'কঙ্কতী', 'কঙ্কর', 'কঙ্কাল', 'কচকচানি', 'কচলানো', 'কচাল', 'কচি', 'কচুরিপানা', 'কচ্ছ', 'কচ্ছপ', 'কচ্', 'কজ্জ্বল', 'কঞ্চিকা', 'কঞ্চুক', 'কঞ্চুকী', 'কঞ্চুলিকা', 'কঞ্জুস', 'কটক', 'কটমট', 'কটরমটর', 'কটাক্ষ', 'কটাল', 'কটাস কটাস', 'কটাসে', 'কটাহ', 'কটি, কটী', 'কটিবন্ধ, কটীবন্ধ', 'কটিভূষণ, কটীভূষণ', 'কটু কাটব্য', 'কটূ', 'কটূক্তি', 'কট্টর', 'কট্', 'কঠিন', 'কঠোপনিষৎ (-দ্)', 'কঠোর', 'কণা, কণ, কণিকা, কণী', 'কণাদ', 'কত', 'কতক', 'কতকটা', 'কতকি', 'কতনা', 'কতবেল', 'কতল', 'কতশত', 'কতিপয়', 'কথক', 'কথকঠাকুর', 'কথকতা', 'কথঞ্চন', 'কথনীয়', 'কথা', 'কথা আসা', 'কথাকলি', 'কথাপ্রসঙ্গ', 'কথাবার্তা', 'কথার কথা']"
খ,"['খ', 'খ\xa0গ', 'খ\xa0গহস্ত', 'খ\xa0গী', 'খই', 'খইচূর', 'খইঢেকুর', 'খইনি', 'খইল, খৈল, খোল', 'খইয়া, খইয়ে', 'খওয়া', 'খক্ খকানি', 'খক্, খক্-খক্', 'খগ', 'খগপতি, খগরাজ, খগেন্দ্র', 'খগোল', 'খগোলবিদ্যা', 'খচর', 'খচাখচ্', 'খচ্চর', 'খচ্', 'খচ্ খচ্', 'খচ্খচানি', 'খচ্খচে', 'খচ্খচ্ করা', 'খচ্মচ্', 'খঞ্চা', 'খঞ্জ', 'খঞ্জন', 'খঞ্জনি, খঞ্জনী', 'খঞ্জনিকা', 'খঞ্জর', 'খটকা', 'খটাশ, খটাস', 'খটাৎ', 'খটিকা, খটিনী, খটী', 'খট্টা', 'খট্টাশ, খট্টাস', 'খট্টি, খট্টী', 'খট্', 'খট্খটে', 'খট্খট্', 'খত, খৎ', 'খতবা', 'খতম', 'খতরা', 'খতান, খতানো', 'খতি, খতী', 'খতিয়ান, খতেন', 'খত্তাল', 'খদ, খড', 'খদির', 'খদ্দর, খাদি', 'খদ্দের', 'খদ্যোত', 'খধূপ', 'খনক', 'খনন', 'খননীয়', 'খনা', 'খনার বচন', 'খনা২', 'খনি', 'খনিজ', 'খনিত', 'খনিত্র', 'খন্ড', 'খন্ড খন্ড', 'খন্ডকাব্য', 'খন্ডগ্রাস', 'খন্ডন', 'খন্ডনীয়', 'খন্ডপ্রলয়', 'খন্ডান, খন্ডানো', 'খন্ডিত', 'খন্ডিতক্ষুর', 'খন্ডিতা', 'খন্তা, খোন্তা', 'খন্দ', 'খন্দকার, খোন্দকার']"
গ,"['গ', 'গঁদ', 'গং', 'গগন', 'গগনচারী', 'গগনচুম্বী', 'গগনতল, গগনপট', 'গগনপ্রান্ত', 'গগনবিহারী', 'গগনমন্ডল', 'গগনস্পর্শী', 'গঙ্গা', 'গঙ্গা-যমুনা', 'গঙ্গাজল', 'গঙ্গাজলী', 'গঙ্গাজালি', 'গঙ্গাধর', 'গঙ্গাপুত্র', 'গঙ্গাপ্রাপ্তি', 'গঙ্গাফড়িং', 'গঙ্গাবাসী', 'গঙ্গাযাত্রা', 'গঙ্গাযাত্রী', 'গঙ্গালাভ', 'গঙ্গাসঙ্গম, গঙ্গাসাগর', 'গঙ্গোত্তরী, গঙ্গোত্রী', 'গঙ্গোদক', 'গঙ্গোপাধ্যায়', 'গচ্চা, গচ্ছা', 'গচ্ছিত', 'গছান, গছানো', 'গজ', 'গজ-কচ্ছপ', 'গজ-কুম্ভ', 'গজকাঠি', 'গজগতি', 'গজগামী', 'গজগিরি, গীর', 'গজঘন্টা', 'গজদন্ত', 'গজপতি', 'গজবীথি', 'গজভুক্তপিত্থবৎ', 'গজমুক্তা, গজমোতি', 'গজর গজর', 'গজরান, গজরানো', 'গজরানি', 'গজল', 'গজা', 'গজান, গজানো', 'গজানন', 'গজানীক', 'গজারি', 'গজারূঢ়', 'গজারোহী', 'গজাল', 'গজী', 'গজেন্দ্র', 'গজেন্দ্রগমন', 'গজেন্দ্রগামী', 'গজ্গজ্', 'গজ২', 'গঞ্জ', 'গঞ্জন', 'গঞ্জনা', 'গঞ্জিকা', 'গঞ্জিকাসেবী', 'গঞ্জিত', 'গট্গট্, গট্মট্', 'গঠন', 'গঠিত', 'গড্ডল, গড্ডর', 'গড্ডলিকা প্রবাহ, গড্ডরিকা প্রবাহ', 'গড্ডলিকা, গড্ডরিকা', 'গণ', 'গণ-আন্দোলন', 'গণইতে', 'গণক', 'গণতন্ত্র', 'গণতন্ত্রী']"
ঘ,"['ঘ', 'ঘচ্ঘচ্', 'ঘট', 'ঘটক', 'ঘটকর্পর', 'ঘটকার', 'ঘটকালী', 'ঘটন', 'ঘটনা', 'ঘটনাক্রমে, ঘটনাচক্রে', 'ঘটনাধীন', 'ঘটনাপূর্ণ, ঘটনাবহুল', 'ঘটনাবলী', 'ঘটনাবহ', 'ঘটনীয়', 'ঘটপট', 'ঘটমান', 'ঘটযোনী', 'ঘটা', 'ঘটাটোপ', 'ঘটান, ঘটানো', 'ঘটা২', 'ঘটি', 'ঘটিকা', 'ঘটিতব্য', 'ঘটোদ্ভব', 'ঘট্ট', 'ঘট্টজীবী', 'ঘট্টন', 'ঘট্ঘট্', 'ঘন', 'ঘনকফ', 'ঘনকাল', 'ঘনকৃষ্ণ', 'ঘনক্ষেত্র', 'ঘনঘটা', 'ঘনজ্বালা', 'ঘননাভি', 'ঘননীল', 'ঘনপল্লব', 'ঘনবর্ত্ন', 'ঘনবল্লী', 'ঘনবাত', 'ঘনবাস', 'ঘনবাহন', 'ঘনবিন্যস্ত', 'ঘনবীথি', 'ঘনমূল', 'ঘনশ্যাম', 'ঘনসার', 'ঘনস্বন', 'ঘনাগাম', 'ঘনাঙ্ক', 'ঘনাত্যয়, ঘনান্ত', 'ঘনান, ঘনানো', 'ঘনান্ধকার', 'ঘনাবৃত', 'ঘনাশ্রয়', 'ঘনায়মান', 'ঘনিষ্ঠ', 'ঘনিষ্ঠতা', 'ঘনীকৃত', 'ঘনীভূত', 'ঘনোপল', 'ঘন্ট', 'ঘন্টা', 'ঘন্টাকর্ণ', 'ঘন্টিকা, ঘন্টী', 'ঘন্টেশ্বর', 'ঘর', 'ঘরকন্না', 'ঘরকন্না', 'ঘরকুনো', 'ঘরছাড়া', 'ঘরজামাই', 'ঘরজ্বালানো, ঘরজ্বালানী (স্ত্রীঃ)', 'ঘরট্ট', 'ঘরনী', 'ঘরপোষা', 'ঘরপোড়া']"
ঙ,['ঙ']
চ,"['চ', 'চ-বর্গ', 'চই, চৈ', 'চউহাবী', 'চওড়া', 'চক', 'চকসা', 'চকা', 'চকাচকি', 'চকাসিত', 'চকিত', 'চকোর', 'চক্কর', 'চক্র', 'চক্রকুল্যা', 'চক্রগতি', 'চক্রগন্ডু', 'চক্রগোপ্তা', 'চক্রজীবক', 'চক্রদংষ্ট্র', 'চক্রধর', 'চক্রনদী', 'চক্রনাভী', 'চক্রনায়ক', 'চক্রনেমি', 'চক্রপাণি', 'চক্রপাদ', 'চক্রপাল', 'চক্রবর্তী', 'চক্রবাল', 'চক্রবূ্যহ', 'চক্রবৃদ্ধি', 'চক্রভ্রম', 'চক্রাঙ্গ', 'চক্রাঙ্গী', 'চক্রান্ত', 'চক্রাবর্ত', 'চক্রিকা', 'চক্রী', 'চক্ষু', 'চক্ষু কর্ণের বিবাদ ভঞ্জন করা', 'চক্ষুগোচর', 'চক্ষুদান', 'চক্ষুরোগ', 'চক্ষুলজ্জা', 'চক্ষুশূল', 'চক্ষুষ্মান্', 'চক্ষুষ্য', 'চক্ষুস্থির', 'চক্চক্', 'চক্বন্দী', 'চক্বন্দী২', 'চক্মকি', 'চক্মক্', 'চক্মিলান, চক্মিলানো', 'চক২', 'চখা', 'চঙ্ক্রমণ', 'চঞ্চরিক, চঞ্চরীক', 'চঞ্চল', 'চঞ্চলতা', 'চঞ্চলিত', 'চঞ্চা', 'চঞ্চু', 'চঞ্চুপুট', 'চট', 'চটক', 'চটকদার', 'চটকল', 'চটকা', 'চটকান, চটকানো', 'চটক২', 'চটা', 'চটি', 'চটু', 'চট্চটে', 'চট্চট্', 'চট্পটে', 'চট্পট্', 'চট২']"
ছ,"['ছ', 'ছই', 'ছউই', 'ছক', 'ছককাটা', 'ছককাটা', 'ছকা', 'ছক্কা', 'ছক্কড়', 'ছকড়া-নকড়া', 'ছচল্লিশ', 'ছটকান, ছটকানো', 'ছটফট', 'ছটফটানি', 'ছটফটে', 'ছটরা, ছররা', 'ছটা', 'ছটাক', 'ছতরি, ছতরী', 'ছত্র', 'ছত্রক, ছত্রাক', 'ছত্রখান', 'ছত্রদন্ড', 'ছত্রধর, ছত্রধারী', 'ছত্রপতি', 'ছত্রভঙ্গ', 'ছত্রাক', 'ছত্রাকার', 'ছত্রি', 'ছত্রী', 'ছত্রী২', 'ছত্র২, সত্র', 'ছত্র৩', 'ছদ', 'ছদ্ম', 'ছদ্মবেশ', 'ছন', 'ছন্দ', 'ছন্দপতন, ছন্দঃপাত', 'ছন্দানুগমন, ছন্দানুসরণ', 'ছন্দানুগামী, ছন্দানুসারী', 'ছন্দানুবর্তন, ছন্দানুবৃত্তি', 'ছন্দানুবর্তী', 'ছন্দেবন্দে', 'ছন্দ২, ছন্দঃ', 'ছন্ন', 'ছন্নছাড়া', 'ছন্নমতি', 'ছপ্পর, ছাপ্পর, ছাপর', 'ছপ্ছপ্', 'ছবি', 'ছবি২', 'ছম্ছম্', 'ছরকট, ছর্কট', 'ছর্দি (বিরল) ছর্দী', 'ছর্দি২', 'ছল', 'ছলগ্রাহী', 'ছলচাতুরী', 'ছলচ্ছল', 'ছলছল', 'ছলছুতা', 'ছলন, ছলনা', 'ছলপাতা', 'ছলা', 'ছলাকলা', 'ছলাৎ', 'ছলা২', 'ছলিত', 'ছলিয়া', 'ছষট্টি', 'ছা, ছাঁ', 'ছাঁইচ, ছাঁচ', 'ছাঁকনা, ছাঁকনি', 'ছাঁকা', 'ছাঁচ', 'ছাঁচতলা', 'ছাঁচি', 'ছাঁচিকুমড়া', 'ছাঁচিপান']"
জ,"['জ', 'জং', 'জংলা, জংলী', 'জই', 'জউ, জৌ', 'জউঘর, জৌহর, জোহর', 'জওয়াব', 'জক', 'জক্ষ্ণ', 'জখম', 'জখমী', 'জগ', 'জগজগ', 'জগজগা', 'জগজন', 'জগজ্জন', 'জগজ্জননী', 'জগজ্জীবন', 'জগঝম্প', 'জগদম্বা', 'জগদীশ, জগদীশ্বর', 'জগদ্গৌরী', 'জগদ্দল', 'জগদ্ধাত্রী', 'জগদ্বন্ধু', 'জগদ্বাসী', 'জগদ্গুরু', 'জগন্নাথ', 'জগন্নাথধাম, জগন্নাথক্ষেত্র', 'জগন্নিবাস', 'জগন্মাতা', 'জগন্মোহন', 'জগন্ময়', 'জগন্ময়ী', 'জগমন্ডল', 'জগমোহন', 'জগাখিচুড়ি, জগখিচুড়ী', 'জগাতি', 'জগ্ধ', 'জগৎ', 'জগৎপতি, জগৎপাতা, জগৎপিতা', 'জঘন', 'জঘন্য', 'জঘন্যতা', 'জঙ্গডিঙ্গা', 'জঙ্গম', 'জঙ্গল', 'জঙ্গলা, জংলা', 'জঙ্গলী, জংলী', 'জঙ্গাল', 'জঙ্গী', 'জঙ্গীলাট', 'জঙ্গীশাসন', 'জঙ্গুলে', 'জঙ্, জঙ্গ', 'জজ', 'জজিয়তি', 'জঞ্জাল', 'জট', 'জটলা', 'জটা', 'জটাজাল, জটাজুট', 'জটাধর, জটাধারী', 'জটামাংসী', 'জটাল', 'জটায়ু', 'জটি', 'জটিল', 'জটিলা', 'জটী', 'জটুল, জড়ুল', 'জটে, জটিয়া', 'জটেবুড়ী', 'জঠর', 'জঠরজ্বালা', 'জঠরযন্ত্রণা', 'জঠরস্থ', 'জঠরাগ্নি, জঠরানল', 'জণি', 'জতু']"
ঝ,"['ঝ', 'ঝংকার', 'ঝক্কি', 'ঝক্ঝকানো, ঝক্মকানো', 'ঝক্ঝক্, ঝক্মক্', 'ঝক্মারি', 'ঝগড়া', 'ঝগড়াঝাঁটি', 'ঝগড়াটে', 'ঝঙ্কাট, ঝঙ্কাঠ', 'ঝঙ্কার', 'ঝঙ্কারা', 'ঝঙ্কৃত', 'ঝঙ্কৃতি', 'ঝঞ্ছা', 'ঝঞ্ঝনা', 'ঝঞ্ঝাক্ষুদ্ধ', 'ঝঞ্ঝাট', 'ঝঞ্ঝাবর্ত', 'ঝটকা, ঝটকানি', 'ঝটিকা', 'ঝটিকাবর্ত', 'ঝটিতি', 'ঝট্', 'ঝট্পট্', 'ঝনকাট, ঝনকাঠ', 'ঝনাৎ', 'ঝন্ডা', 'ঝনৎকার', 'ঝপাং, ঝপাৎ', 'ঝপাঝপ', 'ঝপ্', 'ঝপ্ঝপ্', 'ঝম্প', 'ঝম্পন', 'ঝম্ঝম্', 'ঝরঝর', 'ঝরঝরে', 'ঝরতি', 'ঝরনা, ঝরণা', 'ঝরিত', 'ঝরোকা', 'ঝর্ঝর', 'ঝর্ঝরিত', 'ঝলক, ঝলকা', 'ঝলকান, ঝলকানো', 'ঝলকানি', 'ঝলমল', 'ঝলমলান, ঝলমলানো', 'ঝলসা', 'ঝলসান, ঝলসানো', 'ঝল্লক, ঝল্লরী', 'ঝাঁ', 'ঝাঁক', 'ঝাঁকা', 'ঝাঁকানি, ঝাঁকুনি, ঝাঁকি', 'ঝাঁকা২', 'ঝাঁকড়-মাকড়. ঝাঁকড়া-মাকড়া', 'ঝাঁকড়া', 'ঝাঁগুড়গুড়', 'ঝাঁজ', 'ঝাঁজালো', 'ঝাঁজ২, ঝাঁঝ, ঝাঁঝর', 'ঝাঁজ৩, ঝাঁজি', 'ঝাঁঝাঁ', 'ঝাঁট', 'ঝাঁটা', 'ঝাঁটাখেকো', 'ঝাঁটান, ঝাঁটানো', 'ঝাঁটি, ঝাঁটী', 'ঝাঁপ', 'ঝাঁপটা', 'ঝাঁপতাল', 'ঝাঁপন', 'ঝাঁপা', 'ঝাঁপান', 'ঝাঁপা২', 'ঝাঁপি, ঝাঁপী', 'ঝাঁপ২', 'ঝাউ']"
ট,"['ট', 'ট-বর্গ', 'টং', 'টংকার', 'টংটং', 'টং২', 'টং৩', 'টইটম্বুর', 'টক', 'টকটক', 'টকটকাস্', 'টকটকাস্', 'টকটকে', 'টকা', 'টকাটক্', 'টকাটক্, টকাস', 'টকান, টকানো', 'টকো', 'টক্কর', 'টক্', 'টক্টক্', 'টক্টক্, টকাটক্', 'টক্২', 'টগর', 'টগরা', 'টগ্বগ্, টগ্বগাবগ্', 'টঙ', 'টঙ্ক', 'টঙ্কণ', 'টঙ্কপতি', 'টঙ্কবিজ্ঞান', 'টঙ্কশালা', 'টঙ্কা', 'টঙ্কার', 'টঙ্ক২', 'টঙ্ক৩', 'টঙ্গ', 'টঙ্গ২, টঙ্গি', 'টন', 'টনক', 'টনক নড়া', 'টনিক', 'টন্', 'টন্টনানি', 'টন্টনে', 'টন্টন্', 'টপকান, টপকানো', 'টপটপ্', 'টপাটপ্', 'টপাস্', 'টপাস্', 'টপ্পা', 'টপ্', 'টপ্টপ্', 'টপ্টপ্২', 'টপ্২', 'টব', 'টবটব', 'টম্যাটো', 'টম্টম্', 'টর্চ', 'টর্নি, টর্নী', 'টল, টলন', 'টলটল', 'টলটলায়মান', 'টলটলে', 'টলন, টল', 'টলমল', 'টলমলান, টলমলানো', 'টলমলে', 'টলা', 'টলান, টলানো', 'টসকা', 'টসকান, টসকানো', 'টসটস', 'টসটসে', 'টসা', 'টসান, টসানো', 'টস্', 'টস্টস্']"
ঠ,"['ঠ', 'ঠং', 'ঠংঠং', 'ঠক', 'ঠকা', 'ঠকান, ঠকানো', 'ঠকামি, ঠকাম, ঠকামো', 'ঠক্কর', 'ঠক্কুর', 'ঠক্', 'ঠক্ঠক্', 'ঠগ', 'ঠগী', 'ঠনাঠন', 'ঠন্', 'ঠন্ঠন্', 'ঠমক', 'ঠমক২', 'ঠসক', 'ঠাঁই', 'ঠাঁই-ঠাঁই', 'ঠাঁই২', 'ঠাওর, ঠাওরান', 'ঠাকরুন', 'ঠাকুর', 'ঠাকুর জামাই', 'ঠাকুর ঝি', 'ঠাকুরকাত', 'ঠাকুরঘর', 'ঠাকুরদা', 'ঠাকুরদালান', 'ঠাকুরপূজা', 'ঠাকুরপো', 'ঠাকুরবাড়ি', 'ঠাকুরমশাই', 'ঠাকুরমা,', 'ঠাকুরসেবা', 'ঠাকুরাল, ঠাকুরালি, ঠাকুরালী', 'ঠাঞি', 'ঠাট', 'ঠাট্টা', 'ঠাট২', 'ঠাঠা (আঞ্চ) ঠাডা', 'ঠান', 'ঠানদিদি', 'ঠান্ডা', 'ঠাম', 'ঠার', 'ঠারা', 'ঠারে-ঠোরে', 'ঠাস', 'ঠাসা', 'ঠাসা-ঠাসি', 'ঠাস্', 'ঠাস্-ঠাস্', 'ঠাহর, ঠাওর', 'ঠাহরান, ঠাহরানো, ঠাওরান, ঠাওরানো', 'ঠাড়', 'ঠায়', 'ঠিক', 'ঠিক-ঠিকানা', 'ঠিকঠাক', 'ঠিকরন, ঠিকরনো', 'ঠিকরা', 'ঠিকরান, ঠিকরানো', 'ঠিকরা২', 'ঠিকরে', 'ঠিকা', 'ঠিকা করা', 'ঠিকাদার', 'ঠিকাদারি', 'ঠিকাদারী', 'ঠিকানা', 'ঠিকুজি, ঠিকুজী', 'ঠুঁটা, (কথ্য) ঠুঁটো', 'ঠুঁটো জগন্নাথ', 'ঠুং', 'ঠুংঠুং', 'ঠুংরি, ঠুংরী', 'ঠুকরান']"
ড,"['ড', 'ডওর', 'ডক', 'ডগ', 'ডগডগ', 'ডগডগে', 'ডগমগ', 'ডগা', 'ডঙ্কা', 'ডঙ্কা দেয়া, ডঙ্কা মারা, ডঙ্কা পেটা', 'ডজন', 'ডন', 'ডবকা', 'ডবডব', 'ডবডবানি', 'ডবডবে', 'ডবল', 'ডবল-ডেকার', 'ডমরু', 'ডমরুধর', 'ডমরুমধ্য', 'ডম্ফ', 'ডম্বর', 'ডম্বরু, ডম্বুরু, ডম্বুর', 'ডর', 'ডরা', 'ডরান, ডরানো', 'ডলন', 'ডলা', 'ডলাই-মলাই', 'ডলান, ডলানো', 'ডহর', 'ডাঁই', 'ডাঁট', 'ডাঁটা', 'ডাঁটি', 'ডাঁট২', 'ডাঁট৩, ডাঁটো', 'ডাঁশ', 'ডাঁশা, ডাঁসা', 'ডাংগুলি, ডাঙ্গুলি', 'ডাইন, ডান, ডাহিন', 'ডাইনদিক, ডানদিক,', 'ডাইনহাত, ডানহাত, ডাহিনহাত', 'ডাইন২, ডান২, ডাইনী', 'ডাইস', 'ডাক', 'ডাক-পুরুষ', 'ডাকতে কালী', 'ডাকবাংলো', 'ডাকবিভাগ', 'ডাকর', 'ডাকসাইটে', 'ডাকসু', 'ডাকা', 'ডাকাডাকি', 'ডাকাত', 'ডাকাত পড়া', 'ডাকাতি', 'ডাকাতী', 'ডাকান, ডাকানো', 'ডাকাবুকা, ডাকবুকো', 'ডাকিনী', 'ডাকিয়া বলা', 'ডাকু', 'ডাক্তার', 'ডাক্তারখানা', 'ডাক্তারি', 'ডাক্তারী', 'ডাক২', 'ডাক৩', 'ডাক৪', 'ডাক৫', 'ডাগর', 'ডাঙ্গশ, ডাঙশ', 'ডাঙ্গা, ডাঙা', 'ডাঙ্গুলি, ডাংগুলি', 'ডানকুনি', 'ডানপিটে', 'ডানা']"
ঢ,"['ঢ', 'ঢং', 'ঢংঢং', 'ঢং২, ঢঙ, ঢঙ্গ', 'ঢক', 'ঢক্কা', 'ঢক্', 'ঢক্ঢক্', 'ঢন্, ঢন্ ঢন্', 'ঢপ', 'ঢপ্', 'ঢপ্ ঢপ্, ঢব্ঢব্', 'ঢপ২', 'ঢল', 'ঢলঢল', 'ঢলঢলে', 'ঢলা', 'ঢলাঢলি', 'ঢলান, ঢলানো', 'ঢলানে', 'ঢাউস', 'ঢাক', 'ঢাক পেটা, ঢাকঢোল পেটা', 'ঢাকঢাক-গুড়গুড়', 'ঢাকনা, ঢাকনি, ঢাকুনি (আঞ্চ) ঢাকন', 'ঢাকা', 'ঢাকাই', 'ঢাকা২', 'ঢাকি, ঢাকী', 'ঢাকের দায়ে মনস বিকানো', 'ঢাকের বাঁয়া', 'ঢাল', 'ঢালা', 'ঢালাই', 'ঢালাইকর', 'ঢালাইখানা', 'ঢালাও', 'ঢালাঢালী', 'ঢালী', 'ঢালু', 'ঢাল২', 'ঢি-ঢি', 'ঢি-ঢিকার, ঢি-ঢিক্কার, ঢি-ঢিরব', 'ঢিকনো, ঢিকানো', 'ঢিট', 'ঢিটপনা', 'ঢিপ', 'ঢিপি, ঢিবি', 'ঢিমা, (কথ্য) ঢিমে', 'ঢিমেতেতালা', 'ঢিমেতেতালায়', 'ঢিল', 'ঢিলা, ঢিলে (আঞ্চ) ঢিল২', 'ঢিলেমি', 'ঢু, ঢুঁ', 'ঢুঁড়া, ঢোঁড়া', 'ঢুকা, ঢুকান, ঢুকন', 'ঢুক্', 'ঢুক্ঢুক্', 'ঢুঢু, ঢুঁঢুঁ', 'ঢুল', 'ঢুলঢুল, ঢুলঢুল করা', 'ঢুলঢুলে, ঢুলুঢুলু', 'ঢুলনী, ঢুলুনী', 'ঢুলা, ঢুলান, ঢুলন', 'ঢুলী', 'ঢুস', 'ঢুসাঢুসি', 'ঢুসান, ঢুসানো', 'ঢেঁকি', 'ঢেঁকির কচকচি', 'ঢেঁকিশাল', 'ঢেঁকুর, ঢেকুর', 'ঢেঁঙ্গা, ঢেঙা, ঢ্যাঙা', 'ঢেঁটা', 'ঢেঁড়স, ঢ্যাঁড়স', 'ঢেঁড়া, ঢেঁটরা, ঢেঁড়ি', 'ঢেঁড়ি২', 'ঢেউ', 'ঢেউখেলান, ঢেউখেলানো, ঢেউতোলা']"
ণ,"['ণ', 'ণ ফলা', 'ণত্ববিধান, ণত্ববিধি', 'ণিচ্', 'ণিজন্ত', 'ণিজন্ত ধাতু']"
ত,"['ত', 'ত-খরচ', 'তঁহি, তহিঁ', 'তঃ (চলিত) ত', 'তই', 'তইখন', 'তক', 'তকত-তাউস, তক্ত-তাউস, তকত-তাউস', 'তকতক, তক্তক্', 'তকতকে', 'তকদির', 'তকমা', 'তকরার', 'তকরারী', 'তকলি', 'তকলিফ', 'তক্ক', 'তক্ত', 'তক্তপোশ, তক্তাপোশ', 'তক্তা', 'তক্তানামা', 'তক্তি', 'তক্র', 'তক্রপিন্ড', 'তক্ষক', 'তক্ষণ', 'তক্ষণ', 'তক্ষণী', 'তক্ষযজ্ঞ', 'তক্ষশিলা', 'তক্ষুণি', 'তখত, তখ্ত, তক্ত', 'তখতনামা', 'তখন', 'তখনই, তখনি', 'তখনকার', 'তখমা', 'তগর', 'তগির', 'তঙ্ক', 'তঙ্কন', 'তঙ্কা', 'তচনচ, তছনছ', 'তছরুপ, তছরূপ', 'তছু', 'তজ্জনিত', 'তজ্জন্যে', 'তজ্জাত', 'তঞ্চক', 'তঞ্চন', 'তট', 'তটস্থ', 'তটস্থ লক্ষণ', 'তটস্থা শক্তি', 'তটস্থ২', 'তটিনী', 'তত', 'ততঃ', 'ততঃকিম্', 'ততক্ষণ', 'ততযন্ত্র', 'ততহি, ততহিঁ', 'ততেক', 'ততোধিক', 'তত্তাবৎ', 'তত্তুল্য', 'তত্ত্ব', 'তত্ত্ব করা', 'তত্ত্বজিজ্ঞাসা', 'তত্ত্বজ্ঞ', 'তত্ত্বজ্ঞান', 'তত্ত্বজ্ঞানী', 'তত্ত্বতঃ', 'তত্ত্বতল্লাস, তত্ত্বতালাস', 'তত্ত্বদর্শী', 'তত্ত্ববধারক', 'তত্ত্ববিদ্যা', 'তত্ত্ববিবেক', 'তত্ত্ববিৎ', 'তত্ত্বলোচনা']"
থ,"['থ', 'থ-কার', 'থঅন২', 'থই থই, থৈ থৈ', 'থই, থৈ', 'থউকা', 'থকথক, থক্থক্', 'থকথকে', 'থকা', 'থকিত', 'থক্', 'থক্থক্', 'থতমত', 'থপাস্ থপাস্', 'থপ্', 'থপ্থপ্', 'থমক', 'থমকান, থমকানো', 'থমকানি', 'থমকি', 'থমথম, থম্থম্', 'থমথমে', 'থর', 'থরথর', 'থরথরানি', 'থরথরানো', 'থরহরি', 'থরি', 'থরে-থরে, থরে-বিথরে', 'থলথল', 'থলথলে', 'থলি, থলী, থলিয়া, থলে', 'থলো', 'থসথস, থস্থস্', 'থসথসে', 'থা', 'থাই', 'থাউকা, থাউকো, থাওকা, থউকা', 'থাক', 'থাককাটা', 'থাকবন্দী', 'থাকবস্তি', 'থাকা', 'থাকাথাকি', 'থাকান, থাবানো', 'থাকা২', 'থাকিয়া-থাকিয়া, থেকে-থেকে', 'থান', 'থানকুনি', 'থানা', 'থানাদার', 'থানাদারি, থানাদারী', 'থাপক', 'থাপড়, থাপ্পড়, থাপড়া', 'থাবা', 'থাবড়ি', 'থাম', 'থামা', 'থামান, থামানো', 'থামাল', 'থারি, থারী', 'থার্মোমিটার', 'থালা, থাল', 'থালি, থালী', 'থাসা', 'থিকথিক', 'থিত', 'থিতান, থিতানো, থিতন, থিতনো', 'থির', 'থিয়েটার', 'থিয়েটারওয়ালা', 'থিয়েটারী', 'থু, থুঃ', 'থু-থু, থুঃ-থুঃ', 'থুক', 'থুকথুক, থুক্থুক্', 'থুতনি', 'থুতু, থুথু', 'থুপি', 'থুপ্']"
দ,"['দ', 'দংশ', 'দংশক', 'দংশন', 'দংশল', 'দংশা', 'দংশান, দংশানো', 'দংশিত', 'দংষ্ট্র', 'দংষ্ট্রা', 'দংষ্ট্রাল, দংষ্ট্রী', 'দই, দৈ', 'দউ', 'দক, দঁক', 'দকে পড়া', 'দক্তি', 'দক্ষ', 'দক্ষকন্যা, দক্ষজা', 'দক্ষতা', 'দক্ষা', 'দক্ষিণ', 'দক্ষিণ-পশ্চিম', 'দক্ষিণ-পূর্ব', 'দক্ষিণকালিকা, দক্ষিণা কালী', 'দক্ষিণকেন্দ্র, দক্ষিণমেরু', 'দক্ষিণরায়', 'দক্ষিণস্থ', 'দক্ষিণহস্ত', 'দক্ষিণা', 'দক্ষিণাচল', 'দক্ষিণাচার', 'দক্ষিণাপথ', 'দক্ষিণাবর্ত', 'দক্ষিণাবহ', 'দক্ষিণামুখ', 'দক্ষিণারণ্য', 'দক্ষিণাৎ', 'দক্ষিণায়ন', 'দক্ষিণায়নান্ত বৃত্ত', 'দক্ষিণী', 'দক্ষিণে, দক্ষিনে', 'দক্ষিণেশ্বর', 'দক্ষিণ্য', 'দখনে, দখনো', 'দখল', 'দখলকার, দখলদার, দখলিকার, দখলিদার', 'দখলনামা', 'দখলী', 'দখিন', 'দগদগ', 'দগদগানি, দগদগি', 'দগধ', 'দগ্ধ', 'দগ্ধা', 'দগ্ধান, দগ্ধানো', 'দগ্ধাবশেষ', 'দগ্ধিকা', 'দগ্ধোদর', 'দগড়', 'দগড়া', 'দঙ্গল', 'দজ্জাল', 'দত্ত', 'দত্তক, দত্তক পুত্র/কন্যা', 'দত্তহারী, দত্তাপহারী', 'দত্তা', 'দত্তি', 'দদন', 'দদ্রু', 'দদ্রুঘ্ন', 'দধি', 'দধি সার', 'দধিমঙ্গল', 'দধিমন্থন', 'দধীচ, দধীচি', 'দধ্যন্ন', 'দধ্যম্ল', 'দনা, দোনা', 'দনাই', 'দনু']"
ধ,"['ধ', 'ধকল', 'ধক্', 'ধক্ধকানি', 'ধক্ধক্', 'ধঞ্চে', 'ধটি', 'ধটী, ধটিকা', 'ধন', 'ধনকুবের', 'ধনগৌরব', 'ধনজন', 'ধনঞ্জয়', 'ধনতৃষা, ধনতৃষ্ণা', 'ধনদ', 'ধনদা', 'ধনদাতা, ধনদায়ক', 'ধনদাত্রী, ধনদায়িকা, ধনদায়িনী', 'ধনদাস', 'ধনদেবতা', 'ধনদৌলত', 'ধনধান্য', 'ধনপতি', 'ধনবতী', 'ধনবান্', 'ধনবিনিয়োগ', 'ধনভান্ডার', 'ধনমদ', 'ধনমান', 'ধনশালিতা', 'ধনশালিনী', 'ধনশালী', 'ধনশ্রী', 'ধনসম্পত্তি', 'ধনহীন', 'ধনাগম', 'ধনাগার', 'ধনাঢ্য', 'ধনাঢ্যা', 'ধনাধ্যক্ষ', 'ধনার্জন', 'ধনি', 'ধনিক', 'ধনিকা', 'ধনিচা', 'ধনিনী', 'ধনিষ্ঠা', 'ধনিয়া', 'ধনি২', 'ধনী', 'ধনী২', 'ধনুঃ ধনু', 'ধনুক', 'ধনুর্গুণ', 'ধনুর্ধর', 'ধনুর্বাণ', 'ধনুর্বেদ', 'ধনুর্ভঙ্গপণ', 'ধনুষ্কোটি', 'ধনুষ্টঙ্কার', 'ধনে', 'ধনেশ', 'ধন্দ', 'ধন্না', 'ধন্ব, ধন্বা', 'ধন্বন্তরি', 'ধন্য', 'ধন্যবাদ', 'ধপ্, ধপাস্, ধবাস্', 'ধপ্ধপ্, ধপধপ, ধব্ধব্, ধবধব', 'ধবল', 'ধবলিত', 'ধবলিমা', 'ধবলী', 'ধবলীকৃত', 'ধবলীকৃত', 'ধমক', 'ধমকান, ধমকানো', 'ধমকানি', 'ধমনী, ধমনি']"
ন,"['ন', 'ন-', 'নং', 'নই', 'নইচা, নইচে', 'নইলে', 'নই২', 'নই৩', 'নঈ তালিম', 'নউই', 'নও', 'নওজোয়ান', 'নওবত', 'নওবতখানা', 'নওরোজ', 'নওল', 'নওলা, নহলা', 'নকল', 'নকলদানা', 'নকলনবিস, নকলনবীস', 'নকশা', 'নকশা-কাটা', 'নকশাকার', 'নকশাপাড়', 'নকশি, নকশী', 'নকাশি, নকাশী', 'নকিব, নকীব', 'নকুল', 'নকুলদানা', 'নকুলে', 'নকুলেশ্বর', 'নক্ত', 'নক্তচর, নক্তচারী, নক্তঞ্চর', 'নক্তান্ধ', 'নক্র', 'নক্ররাজ', 'নক্ষত্র', 'নক্ষত্রগতি, নক্ষত্রবেগ', 'নক্ষত্রপতি', 'নক্ষত্রপাত', 'নক্ষত্রবিদ্যা', 'নক্ষত্রলোক', 'নক্ষত্র২', 'নক্সা', 'নকড়া-ছকড়া', 'নখ', 'নখকুনি, নখকোনি', 'নখদর্পণ', 'নখর', 'নখরঞ্জনী', 'নখরায়ুধ, নখায়ুধ', 'নখশূল', 'নখাঘাত', 'নখিন্দর', 'নখী', 'নখী২', 'নগ', 'নগণ্য', 'নগদ', 'নগদবিদায়', 'নগদা', 'নগদী', 'নগনন্দিদী', 'নগপতি, নগরাজ, নগাধিপ, নগাধিরাজ, নগেন্দ্র', 'নগর', 'নগরকীর্তন, নগরসঙ্কীর্তন, নগরসংকীর্তন', 'নগরচত্বর', 'নগরপাল', 'নগরস্থ', 'নগরাধ্যক্ষ', 'নগরিয়া', 'নগরীয়', 'নগরোপান্ত', 'নগুরে, নগরিয়া', 'নগ্ন', 'নগ্নক', 'নগ্নিকা', 'নঙ্গর করা, নঙ্গর ফেলা', 'নঙ্গর তোলা', 'নঙ্গর, নোঙ্গর']"
প,"['প', 'পঁইছা', 'পঁইত্রিশ, পঁয়ত্রিশ', 'পঁচাত্তর', 'পঁচানব্বই, পঁচানব্বুই', 'পঁচাশী', 'পঁচিশ', 'পঁচিশে', 'পঁয়তাল্লিশ', 'পঁয়ষট্টি', 'পই, পৈ', 'পই-পই', 'পইছা', 'পইঠা', 'পইতা', 'পঔষ', 'পকেট', 'পকেটমার, পকেটকাটা', 'পক্ক', 'পক্ককেশ', 'পক্কতা', 'পক্কান্ন', 'পক্কাশয়', 'পক্ষ', 'পক্ষগ্রহণ', 'পক্ষচর', 'পক্ষচ্ছেদ', 'পক্ষজ, পক্ষধর', 'পক্ষতা', 'পক্ষদ্বার', 'পক্ষপাত', 'পক্ষপাতিতা, পক্ষপাতিত্ব', 'পক্ষপুট', 'পক্ষবল', 'পক্ষল', 'পক্ষশাতন', 'পক্ষসঞ্চালন', 'পক্ষসমর্থন', 'পক্ষাঘাত', 'পক্ষান্ত', 'পক্ষান্তর', 'পক্ষান্তরে', 'পক্ষাপক্ষ', 'পক্ষী', 'পক্ষীরাজ', 'পক্ষীয়', 'পক্ষোদ্গম, পক্ষোদ্ভেদ', 'পক্ষ্ণ', 'পক্ষ্ণ-পক্ষ্ণ', 'পগার, পগাড়', 'পঙ্ক', 'পঙ্কগড়ক', 'পঙ্কজ', 'পঙ্কজিনী', 'পঙ্করুহ', 'পঙ্কশরণ', 'পঙ্কিল', 'পঙ্ক২', 'পঙ্খ', 'পঙ্খী', 'পঙ্গপাল', 'পঙ্গু', 'পঙ্ক্তি', 'পঙ্ক্তি দূষক', 'পঙ্ক্তিভোজন', 'পচ', 'পচন', 'পচনশীল', 'পচা', 'পচাই', 'পচান, পচানো', 'পচানি', 'পচ্য', 'পচ্পচ্, প্যাচ্প্যাচ্', 'পছন্দ', 'পছন্দসই', 'পজ্ঝটিকা', 'পঞ্চ', 'পঞ্চকষায়', 'পঞ্চকোষ']"
ফ,"['ফ', 'ফ', 'ফইজত, ফউজৎ, ফৈজত', 'ফকা', 'ফকির, ফকীর', 'ফকিরি, ফকীরি', 'ফকিরী, ফকীরী', 'ফক্কা, ফক্কি, ফোক্কা', 'ফক্কিকা', 'ফক্কিকার, ফক্কিকারি', 'ফক্কড়', 'ফক্কড়ি, ফক্কুড়ি', 'ফচ্কে', 'ফচ্কেমি', 'ফচ্ফচ্', 'ফজর, ফজির', 'ফজলি', 'ফটক', 'ফটকাবাজ', 'ফটকিরি, ফটকিরী', 'ফটিক', 'ফটিক-জল', 'ফটো', 'ফটোগ্রাফ', 'ফটোগ্রাফার', 'ফট্', 'ফট্ফট্', 'ফণ, ফণা', 'ফণিভূষন', 'ফণিমনসা', 'ফণিমন্ডল', 'ফণী', 'ফণীন্দ্র', 'ফতুর', 'ফতুয়া', 'ফতে', 'ফতো', 'ফতোনবাব', 'ফতোবাবু', 'ফতোয়া', 'ফন্দি, ফন্দী', 'ফন্দিবাজ', 'ফপরদালাল, ফফরদালাল', 'ফরক', 'ফরকান, ফরকানো', 'ফরজ', 'ফরফর', 'ফরমা, ফর্মা', 'ফরমাইয়া, ফরমাশ', 'ফরমান', 'ফরমান, ফরমানো', 'ফরমানি', 'ফরমানী', 'ফরশা, ফরসা', 'ফরসি, ফরসী', 'ফরাকত, ফরাকৎ', 'ফরাশ, ফরাস', 'ফরাসী', 'ফরিকার, ফরিকাল', 'ফরিয়াদ', 'ফরিয়াদি, ফরিয়াদী', 'ফরেব', 'ফরেববাজ', 'ফর্দ', 'ফর্দফাঁক', 'ফর্দা', 'ফর্মা', 'ফর্সা, ফর্শা', 'ফল', 'ফলই, ফলি', 'ফলক', 'ফলকথা', 'ফলকর', 'ফলটন, পল্টন', 'ফলতঃ', 'ফলদর্শী', 'ফলদায়ক, সুফলপ্রসূ', 'ফলন', 'ফলনা', 'ফলন্ত']"
ব,"['ব', 'ব (অন্ত্যঃস্থ)', 'ব-দ্বীপ', 'বঁইচি', 'বঁটি', 'বঁধু, বঁধুয়া', 'বঁড়শি, বঁড়শী', 'বংশ', 'বংশগত', 'বংশগতি', 'বংশজ', 'বংশদন্ড', 'বংশধর', 'বংশপত্র', 'বংশবৃদ্ধি', 'বংশমর্যাদা', 'বংশলতা', 'বংশলোপ', 'বংশানুক্রম', 'বংশানুক্রমিক', 'বংশাবতংশ', 'বংশাবলী, বংশাবলি', 'বংশী', 'বংশীধর, বংশীধারী', 'বংশীবট', 'বংশীয়, বংশ্য', 'বংশ২', 'বই', 'বইঠা', 'বইয়ের পোকা', 'বই২', 'বই৩', 'বই৪', 'বউ', 'বউ-কথা-কও', 'বউকাঁটকী', 'বউদিদি, বৌদি', 'বউনি', 'বউনি২, বউনী', 'বউভাত', 'বউমা', 'বউমানুষ', 'বউল, (কথ্য) বোল', 'বউড়ি', 'বওয়া', 'বওয়াটে', 'বক', 'বক দেখানো', 'বক ধার্মিক', 'বক বৃত্তি', 'বক যন্ত্র', 'বকনা', 'বকপঞ্চক', 'বকবক', 'বকবকম, বকবকুম', 'বকবকান, বকবকানো', 'বকবকানি', 'বকমকাঠ', 'বকরা', 'বকরীদ', 'বকলম', 'বকলস, বগলস', 'বকশিশ, (বিরল) বকশীশ, বকশিস', 'বকশী, বকসী', 'বকা', 'বকান, বকানো', 'বকান্ডপ্রত্যাশা', 'বকান্ডপ্রত্যাশান্যায়', 'বকাবকি', 'বকাল', 'বকা২, বকাট, বকাটে, বকামি', 'বকুনি', 'বকুল', 'বকেয়া', 'বকেয়াবাকী', 'বকেয়া২', 'বক্কাল, বকাল', 'বক্ত, বকত', 'বক্তব্য', 'বক্তা']"
ভ,"['ভ', 'ভইষ, ভঁইষ, ভইস, ভঁইস', 'ভকা', 'ভক্ত', 'ভক্তবিটেল', 'ভক্তবৎসল', 'ভক্তাগ্রগণ্য', 'ভক্তি', 'ভক্তিগ্রন্থ', 'ভক্তিগ্রন্থ', 'ভক্তিপথ, ভক্তিমার্গ', 'ভক্তিবাদ', 'ভক্তিমূলক', 'ভক্তিযোগ', 'ভক্ষক', 'ভক্ষণ', 'ভক্ষণীয়, ভক্ষ্য', 'ভক্ষিত', 'ভক্', 'ভখা', 'ভগ', 'ভগন্দর', 'ভগবতী', 'ভগবদ্ভক্ত', 'ভগবদ্গীতা', 'ভগবদ্দত্ত', 'ভগবান্', 'ভগিনী', 'ভগিনীপতি', 'ভগিনেয়, ভাগিনা, ভাগ্না', 'ভগীরথ', 'ভগোল, ভচক্র, ভপঞ্জর, ভমন্ডল', 'ভগ্ন', 'ভগ্নকন্ঠ', 'ভগ্নদশা', 'ভগ্নদূত', 'ভগ্নপাইক', 'ভগ্নপ্রায়', 'ভগ্নমনোরথ', 'ভগ্নশ্রী', 'ভগ্নস্তূপ', 'ভগ্নাংশ', 'ভগ্নাবশিষ্ট', 'ভগ্নাবশেষ', 'ভগ্নাবস্থা', 'ভগ্নী', 'ভগ্নোৎসাহ, ভগ্নোদ্যম', 'ভঙ্গ', 'ভঙ্গকুলীন', 'ভঙ্গপ্রবণ', 'ভঙ্গপয়ার', 'ভঙ্গললিত, ভঙ্গললিতচতুষ্পদী', 'ভঙ্গা', 'ভঙ্গি, ভঙ্গী', 'ভঙ্গিমা', 'ভঙ্গিল', 'ভঙ্গিল পর্বত', 'ভঙ্গুর', 'ভচক্র, ভমন্ডল', 'ভজকট', 'ভজন, ভজনা', 'ভজন-পূজন', 'ভজনালয়', 'ভজমান', 'ভজা', 'ভজান, ভজানো', 'ভঞ্জক', 'ভঞ্জন', 'ভঞ্জা', 'ভঞ্জিব', 'ভট্ট', 'ভট্টপল্লী', 'ভট্টারক', 'ভট্ভট্', 'ভণিত', 'ভণিতা', 'ভদন্ত', 'ভদ্র', 'ভদ্রকালী', 'ভদ্রতা']"
ম,"['ম', 'মই', 'মইসা', 'মউ', 'মউনি', 'মউভাত', 'মউমউ', 'মউরি', 'মওকা', 'মওলবী', 'মওলানা', 'মওয়া', 'মকদ্দমা', 'মকমক', 'মকমকী', 'মকর', 'মকর-সংক্রান্তি', 'মকরকুন্ডল', 'মকরক্রান্তি', 'মকরতেন, মকরকেতু, মকরধ্বজ', 'মকরন্দ', 'মকরবাহিনী', 'মকরবু্যহ', 'মকাই', 'মকার', 'মকুফ, মকুব', 'মক্কা', 'মক্কা২', 'মক্কেল', 'মক্তব', 'মক্ষিকা, মক্ষী', 'মক্স, মক্শ', 'মখ', 'মখদম', 'মখমল', 'মখমলী', 'মগ', 'মগজ', 'মগজি', 'মগডাল', 'মগধ', 'মগন, মগ্ন', 'মগ্ন', 'মগ২', 'মঘবতী', 'মঘবা, মঘবান্', 'মঘা', 'মঙ্গল', 'মঙ্গলকামনা, মঙ্গলাকাঙ্ক্ষা', 'মঙ্গলকারী, মঙ্গলাকাঙ্ক্ষী', 'মঙ্গলগট', 'মঙ্গলগীত', 'মঙ্গলচন্ডী', 'মঙ্গলচন্ডী', 'মঙ্গলদায়ক', 'মঙ্গলময়', 'মঙ্গলসমাচার', 'মঙ্গলা', 'মঙ্গলাচরণ, মঙ্গলাচার', 'মঙ্গলামঙ্গল', 'মচ্ছব', 'মচ্', 'মচ্কান, মচ্কানো', 'মচ্কানি', 'মচ্মচে', 'মছনদ', 'মছলি', 'মজকুর', 'মজদুর', 'মজদুরি', 'মজলিস', 'মজলিসী', 'মজা', 'মজান, মজানো', 'মজা২', 'মজুদ, মজুত', 'মজুমদার', 'মজুর', 'মজুরি', 'মজ্জন']"
য,"['য', 'যই, যৈ', 'যক', 'যকপুরী', 'যকৃৎ', 'যকের ধন', 'যক্ষ', 'যক্ষরাজ', 'যক্ষুনি, যক্ষনি', 'যক্ষ্ণা', 'যখন', 'যখন-তখন', 'যখনকার', 'যখনি, যখনই', 'যছু', 'যজন', 'যজনীয়, যজ্য', 'যজমান', 'যজমানি', 'যজমানী, যজমেনে', 'যজান, যজানো', 'যজানে', 'যজুঃ, যজুর্বেদ', 'যজুর্বেদী', 'যজুর্বেদীয়', 'যজ্ঞ', 'যজ্ঞকর্তা', 'যজ্ঞকুন্ড', 'যজ্ঞডুমুর', 'যজ্ঞধূম', 'যজ্ঞপশু', 'যজ্ঞপাত্র', 'যজ্ঞবেদী', 'যজ্ঞভূমি', 'যজ্ঞসূত্র, যজ্ঞোপবীত', 'যজ্ঞাংশভুক্', 'যজ্ঞাহ্নি, যজ্ঞানল', 'যজ্ঞীয়', 'যত', 'যতই', 'যতকাল, যতক্ষণ, যতদিন', 'যতকিছু', 'যতগুলি', 'যতন', 'যতবার', 'যতি', 'যতিচিহ্ন', 'যতিনী', 'যতি২', 'যতি৩', 'যতী', 'যতেক', 'যত্ন', 'যত্নপূর্বক', 'যত্নবান্, যত্নশীল', 'যত্র', 'যত্রতত্র', 'যথা', 'যথাকথঞ্চিৎ', 'যথাকর্তব্য', 'যথাকালে, যথাসময়ে', 'যথাক্রমে', 'যথাজ্ঞান', 'যথাতথা', 'যথাদিষ্ট', 'যথানুপূর্ব', 'যথান্যায়', 'যথাপূর্ব', 'যথাবিহিত', 'যথাযোগ্য', 'যথারীতি', 'যথার্থ', 'যথার্থতঃ', 'যথাশাস্ত্র', 'যথাসম্ভব', 'যথাসর্বস্ব', 'যথাসাধ্য', 'যথাস্থান', 'যথেচ্ছ, যথেচ্ছা', 'যথেচ্ছাচার']"
র,"['র', 'রং', 'রং-চং', 'রংরুট', 'রই', 'রই রই', 'রওয়ানা, রওনা', 'রক', 'রকম', 'রকম-সকম', 'রকমারি', 'রক্ত', 'রক্ত করবী', 'রক্ত-তঞ্চন', 'রক্তআঁখি', 'রক্তক', 'রক্তকন্ঠ', 'রক্তকন্দ', 'রক্তকমল', 'রক্তকরবী', 'রক্তক্ষয়ী', 'রক্তগঙ্গা', 'রক্তচক্ষু', 'রক্তচন্দন', 'রক্তজিহ্ব', 'রক্তদন্তী', 'রক্তদোষ, রক্তদুষ্টি', 'রক্তধাতু', 'রক্তনাসিক', 'রক্তনেত্র', 'রক্তপ, রক্তপায়ী', 'রক্তপিত্ত', 'রক্তপিন্ড', 'রক্তপিপাসা', 'রক্তপিপাসু', 'রক্তপ্রদর', 'রক্তবাহী', 'রক্তবীজ', 'রক্তমাংস', 'রক্তমোক্ষণ', 'রক্তশোষণ', 'রক্তসোত', 'রক্তহীন', 'রক্তাক্ত', 'রক্তাতিসার', 'রক্তাধিক্য', 'রক্তিম', 'রক্তিমা', 'রক্তোপল', 'রক্তোৎপল', 'রক্ষ', 'রক্ষঃ', 'রক্ষঃকুল', 'রক্ষক', 'রক্ষকালী', 'রক্ষণ', 'রক্ষণাবেক্ষণ', 'রক্ষণীয়', 'রক্ষা', 'রক্ষাকবচ', 'রক্ষামন্ত্র', 'রক্ষা২', 'রক্ষিত', 'রক্ষিতা', 'রক্ষী', 'রক্ষ্য', 'রক২', 'রগ', 'রগচটা', 'রগুড়ে, রগড়িয়া', 'রগড়', 'রগড়া', 'রগড়ান, রগড়ানো', 'রগড়ি', 'রগড়২', 'রঘু', 'রঘুকুল, রঘুবংশ', 'রঘুকুলতিলক', 'রঘুকুলপতি, রঘুনন্দন, রঘুনাথ, রঘুপতি, রঘুব', 'রঙ ফলানো']"
ল,"['ল', 'লংকা', 'লংক্লথ', 'লওয়া', 'লওয়াজিম', 'লওয়ান, লওয়ানো', 'লকট', 'লকলক', 'লকলকে', 'লকাব', 'লকুচ', 'লকেট', 'লক্কা', 'লক্ষ', 'লক্ষ-লক্ষ', 'লক্ষণ', 'লক্ষণা', 'লক্ষণীয়', 'লক্ষপতি', 'লক্ষিত', 'লক্ষ্ণণ', 'লক্ষ্ণী', 'লক্ষ্ণী-ছাড়া', 'লক্ষ্ণী-জনার্দন', 'লক্ষ্ণীকান্ত, লক্ষ্ণীপতি', 'লক্ষ্ণীবন্ত, লক্ষ্ণীমন্ত', 'লক্ষ্ণীবান্', 'লক্ষ্ণীবিলাস', 'লক্ষ্ণীশ্রী', 'লক্ষ্য', 'লক্ষ্যচু্যত, লক্ষ্যভ্রষ্ট', 'লক্ষ্যবেধ, লক্ষ্যভেদ', 'লক্ষ্যস্থল', 'লক্ষ্যহীন', 'লক্ষ২', 'লক্লক্', 'লখ, লখলাইন', 'লখা', 'লগন', 'লগা', 'লগি', 'লগুঢ়', 'লগ্ন', 'লগ্নকাল, লগ্নবেলা, লগ্নমুহূর্ত', 'লগ্নভ্রষ্ট', 'লগ্নি', 'লগ্নী', 'লগ্ন২', 'লঘিমা', 'লঘিষ্ঠ', 'লঘীয়ান্', 'লঘু', 'লঘুকরণ', 'লঘুগামী', 'লঘুচিত্ত, লঘুচেতা', 'লঘুত্রিপদী, লঘুললিতচতুষ্পদী', 'লঘুপাক', 'লঘুপাপ', 'লঘুলিপিকা', 'লঙ্কা', 'লঙ্কা কান্ড', 'লঙ্কা-কান্ড', 'লঙ্কা-বাটা', 'লঙ্কাদাহন', 'লঙ্কাদাহী', 'লঙ্কাধিপ, লঙ্কাধিপতি, লঙ্কেশ, লঙ্কেশ্বর', 'লঙ্কা২', 'লঙ্গ', 'লঙ্গর', 'লঙ্ঘন', 'লঙ্ঘনীয়', 'লঙ্ঘা', 'লঙ্ঘিত', 'লছমী, লছিমী', 'লজ্জত', 'লজ্জমান', 'লজ্জা', 'লজ্জাকর, লজ্জাজনক', 'লজ্জানত, লজ্জানম্র, লজ্জাবনত', 'লজ্জাবতী২']"
শ,"['শ', 'শংসন, শংসা', 'শংসাপত্র', 'শংসিত', 'শংস্য', 'শক', 'শকট', 'শকট-চালক', 'শকটারি', 'শকটিকা', 'শকতি', 'শকরকন্দ', 'শকল', 'শকলী', 'শকাব্দ', 'শকার-বকার', 'শকারি', 'শকুন', 'শকুনজ্ঞ', 'শকুনজ্ঞা', 'শকুনি', 'শকুন্ত', 'শকুন্তলা', 'শকুল, সকুল', 'শক্ত', 'শক্তি', 'শক্তিপূজা', 'শক্তিমান্', 'শক্তিশেল', 'শক্তিহীন', 'শক্তু', 'শক্ত২', 'শক্য', 'শক্র', 'শক্রজিৎ', 'শক্রধনু', 'শক্রাণী', 'শখ', 'শঙ্কনীয়', 'শঙ্কর', 'শঙ্করী', 'শঙ্কা', 'শঙ্কিত', 'শঙ্কিল', 'শঙ্কু', 'শঙ্কুপট্ট', 'শঙ্খ', 'শঙ্খকার', 'শঙ্খচক্রপদ্মহারী', 'শঙ্খচিল', 'শঙ্খচূড়', 'শঙ্খধ্বনি, শঙ্খনাদ', 'শঙ্খবণিক্', 'শঙ্খবলয়', 'শঙ্খবিষ', 'শঙ্খমালা, শঙ্খমালিকা', 'শঙ্খিনী', 'শচি, শচী', 'শচিকান্ত, শচীন্দ্র, শচীপতি, শচীপ্রিয়, শচীশ', 'শজারু', 'শজিনা ডাঁটা, শজিনা খাড়া', 'শজিনা, (কথ্য) শজনে', 'শটন', 'শটি, শটী', 'শটিত', 'শটিফুড', 'শঠ', 'শঠতা, শাঠ্য', 'শণ', 'শণতন্তু, শণসূত্র', 'শত', 'শত-সহস্র', 'শতক', 'শতকরা', 'শতকিয়া', 'শতকোটি', 'শতক্রতু', 'শতগ্রন্থি', 'শততম', 'শতদল']"
ষ,"['ষ', 'ষট্', 'ষট্কর্ম', 'ষট্কর্মা', 'ষট্চক্র', 'ষট্চত্বারিংশ, ষট্চত্বারিংশৎ, ষট্চত্বারিংশত্তম', 'ষট্ত্রিংশ, ষট্ত্রিংশৎ, ষট্ত্রিংশত্তম', 'ষট্পঞ্চাশ, ষট্পঞ্চাশৎ, ষট্পঞ্চাশত্তম', 'ষট্পদী', 'ষট্ষট্টি', 'ষট্ষষ্ঠ, ষট্ষষ্টিতম', 'ষট্সপ্ততি, ষট্সপ্ততিতম', 'ষণ্নবতি', 'ষণ্নবতিতম', 'ষত্ব', 'ষত্ব-বিধান', 'ষন্ড', 'ষন্ডা', 'ষন্ডামার্ক', 'ষন্ডামার্কা', 'ষন্ডামি', 'ষন্মাস', 'ষষ্টি', 'ষষ্টিতম', 'ষষ্ঠ', 'ষষ্ঠী', 'ষষ্ঠী-তৎপুরুষ', 'ষষ্ঠী-বুড়ি', 'ষষ্ঠীতলা', 'ষষ্ঠীপূজা', 'ষষ্ঠীবাটা', 'ষাঁড়', 'ষাঁড়া', 'ষাঁড়াষাঁড়ি', 'ষাঁড়াষাঁড়ি বান', 'ষাট', 'ষাট২', 'ষান্মাসিক', 'ষেট, ষেটে', 'ষেটেরা', 'ষোল', 'ষোল-আনা', 'ষোল-কলা', 'ষোড়শ', 'ষোড়শ-উপচার', 'ষোড়শ-মাতৃকা', 'ষোড়শার', 'ষোড়শী', 'ষোড়শ২', 'ষ্ঠীবন', 'ষড়ঙ্গ', 'ষড়ধা', 'ষড়যন্ত্র', 'ষড়শীতি', 'ষড়শীতিতম', 'ষড়ানন', 'ষড়ৈশ্বর্য', 'ষড়্ঋতু', 'ষড়্গুণ', 'ষড়্জ', 'ষড়্দর্শন', 'ষড়্বিধ', 'ষড়্ভুজ', 'ষড়্রস', 'ষড়্রিপু, ষড়্বর্গ']"
স,"['স', 'স', 'সঁপা', 'সং', 'সংকট, সংকর, সংকর্ষণ, সংকলক, সংকলন', 'সংকলয়িতা, সংকলিত, সংকল্প, সংকাশ, সংকীর্ণ', 'সংকীর্তন, সংকীর্তিত, সংকুচিত, সংকুল', 'সংকুলান, সংকেত, সংকোচ, সংকোচন', 'সংক্রম, সংক্রমণ, সংক্রাম', 'সংক্রমিত, সংক্রামিত', 'সংক্রান্ত', 'সংক্রান্তি', 'সংক্রামক, সংক্রামী', 'সংক্ষিপ্ত', 'সংক্ষুদ্ধ', 'সংক্ষেপ', 'সংক্ষেপণ', 'সংক্ষেপতঃ', 'সংক্ষেপিত', 'সংক্ষোভ', 'সংখ্যা', 'সংখ্যাগরিষ্ঠ', 'সংখ্যাগুরু', 'সংখ্যাতীত', 'সংখ্যাপন', 'সংখ্যাপিত', 'সংখ্যালঘিষ্ঠ', 'সংখ্যালঘু, সংখ্যাল্প', 'সংখ্যেয়', 'সংগঠক', 'সংগঠন', 'সংগঠনী', 'সংগঠিত', 'সংগত, সংগতি, সংগম, সংগীত', 'সংগৃহীত', 'সংগৃহীত, সংগ্রাহক', 'সংগোপন', 'সংগোপিত', 'সংগ্রহ, সংগ্রহণ', 'সংগ্রাম', 'সংঘ, সংঘটক, সংঘটিত, সংঘট্ট, সংঘর্ষ, সংঘর্ষণ', 'সংচূর্ণিত', 'সংজ্ঞা', 'সংজ্ঞার্থ', 'সংজ্ঞিত', 'সংনমন', 'সংবরণ', 'সংবরা', 'সংবর্ত', 'সংবর্তক, সংবর্তন', 'সংবর্তি, সংবর্তিক', 'সংবর্ধক', 'সংবর্ধন, সংবর্ধনা', 'সংবর্ধিত', 'সংবলিত', 'সংবহন', 'সংবাদ', 'সংবাদপত্র', 'সংবাদী', 'সংবাহক', 'সংবাহন, সংবাহ', 'সংবাহিত', 'সংবিগ্ন', 'সংবিত্তি', 'সংবিদা', 'সংবিদিত', 'সংবিধান', 'সংবিষ্ট', 'সংবিৎ', 'সংবিৎশক্তি', 'সংবীক্ষণ', 'সংবৃত', 'সংবৃতি', 'সংবৃত্ত', 'সংবৃত্তি', 'সংবেগ', 'সংবেদ, সংবেদন, সংবেদনা', 'সংবেদনশীল', 'সংবেদ্য', 'সংবেশ']"
হ,"['হ', 'হ-য-ব-র-ল', 'হংস', 'হংসগমন', 'হংসনাদ', 'হংসনাদিনী', 'হংসপথ', 'হংসপাকযন্ত্র', 'হংসবাহন, হংসারূঢ়, হংসরথ', 'হংসবাহনা, হংসবাহিনী, হংসারূঢ়া', 'হংসমালা', 'হংসরুত', 'হই-হই, হই-চই, হৈ-হৈ, হৈ-চৈ', 'হইতে', 'হইয়া', 'হওন', 'হক', 'হক-কথা', 'হক-দাবী', 'হকচকান', 'হকিকত', 'হকিম', 'হকিমি', 'হকিমী', 'হকিয়ত', 'হজ', 'হজম', 'হজমী', 'হজরত', 'হট্ট', 'হট্টগোল', 'হট্টবিলাসিনী', 'হট্টমন্দির', 'হঠ', 'হঠকারিতা', 'হঠযোগ', 'হঠযোগী', 'হঠাৎ', 'হঠাৎকার', 'হড্ডিক', 'হড্ডিকা', 'হত', 'হতকুচ্ছিত', 'হতগজ', 'হতচেতন, হতজ্ঞান', 'হতচ্ছাড়া', 'হতপ্রায়', 'হতবল', 'হতবুদ্ধি, হতভম্ব', 'হতভাগ্য, হতভাগা', 'হতমান', 'হতমূর্খ', 'হতশ্রদ্ধ', 'হতশ্রদ্ধা', 'হতশ্রী', 'হতস্মর', 'হতাদর', 'হতাশ', 'হতাশা', 'হতাশ্বাস', 'হতোহস্মি', 'হত্যা', 'হত্যাকান্ড', 'হত্যাকারী', 'হত্যাপরাদ', 'হত্যা২, হত্যে', 'হদিস, হদীস', 'হদিস২, হদীস২', 'হদ্দ', 'হদ্দমুদ্দ', 'হনন', 'হনু, হনূ', 'হনুমান', 'হন্তদন্ত', 'হন্তব্য', 'হন্তা', 'হন্তারক', 'হন্দর', 'হন্য', 'হন্যমান']"
ক্ষ,"['ক্ষণ', 'ক্ষণকাল', 'ক্ষণচর', 'ক্ষণজন্মা', 'ক্ষণদা', 'ক্ষণপ্রভা', 'ক্ষণভঙ্গুর', 'ক্ষণস্থায়ী', 'ক্ষণিক', 'ক্ষণে', 'ক্ষণে ক্ষণে', 'ক্ষণেক', 'ক্ষত', 'ক্ষতচিহ্ন', 'ক্ষতবিক্ষত', 'ক্ষতাশৌচ', 'ক্ষতি', 'ক্ষতিগ্রস্ত', 'ক্ষতিপূরণ', 'ক্ষতিবৃদ্ধি', 'ক্ষতিয়ী', 'ক্ষত্তা', 'ক্ষত্র', 'ক্ষত্র কর্ম', 'ক্ষত্র ধর্ম', 'ক্ষত্রবন্ধু', 'ক্ষত্রবিদ্যা', 'ক্ষত্রিয়', 'ক্ষত্রিয়া, ক্ষত্রিয়াণী', 'ক্ষত্রী', 'ক্ষন্তব্য', 'ক্ষপণক', 'ক্ষপা', 'ক্ষম', 'ক্ষমতা', 'ক্ষমতাবান্', 'ক্ষমতাশালী', 'ক্ষমা', 'ক্ষমাগুণ, ক্ষমাধর্ম', 'ক্ষমাবান্', 'ক্ষমার্হ', 'ক্ষমিতা', 'ক্ষমী', 'ক্ষম্য', 'ক্ষর', 'ক্ষরণ', 'ক্ষরিত', 'ক্ষরী', 'ক্ষাত্র', 'ক্ষান্ত', 'ক্ষান্ত দেওয়া', 'ক্ষান্তি', 'ক্ষাম', 'ক্ষার', 'ক্ষারক', 'ক্ষারজল', 'ক্ষারমিতি', 'ক্ষারমৃত্তিকা', 'ক্ষারিত', 'ক্ষারীয়', 'ক্ষালন', 'ক্ষালিত', 'ক্ষি', 'ক্ষিত', 'ক্ষিতি', 'ক্ষিতিজ', 'ক্ষিতিজরেখা', 'ক্ষিতিধর, ক্ষিতিভূৎ', 'ক্ষিতিপাল', 'ক্ষিতীশ, ক্ষিতীশ্বর', 'ক্ষিপ্ত', 'ক্ষিপ্নু', 'ক্ষিপ্যমান', 'ক্ষিপ্র', 'ক্ষিপ্রকারিতা, ক্ষিপ্রগতি, ক্ষিপ্রগামী', 'ক্ষিপ্রকারী', 'ক্ষীণ', 'ক্ষীণকন্ঠ', 'ক্ষীণকায়', 'ক্ষীণচিত্ত']"
